trade_id,symbol,entry_time,direction,option_type,entry_fut_px,entry_rsi,strike,entry_opt_px,init_sl_dist,dyn_threshold,st_flip_exit,st_flip_fut_pnl,st_flip_opt_pnl,st_flip_bars,bos_exit,bos_fut_pnl,bos_opt_pnl,bos_bars,range_exit,range_fut_pnl,range_opt_pnl,range_bars,st20_exit,st20_fut_pnl,st20_opt_pnl,st20_bars,st30_exit,st30_fut_pnl,st30_opt_pnl,st30_bars,momentum_v1_exit,momentum_v1_fut_pnl,momentum_v1_opt_pnl,momentum_v1_bars,rsi_exhaust_exit,rsi_exhaust_fut_pnl,rsi_exhaust_opt_pnl,rsi_exhaust_bars,swing_bos_exit,swing_bos_fut_pnl,swing_bos_opt_pnl,swing_bos_bars,tiered_exit,tiered_fut_pnl,tiered_opt_pnl,tiered_bars
1,BANKNIFTY26APRFUT,2026-01-30 13:18,SHORT,PE,60564.0,21.54,60600,2534.76,27.37,13.68,2026-01-30 13:39,-31.0,-13.35,7,2026-01-30 13:36,6.6,2.67,6,2026-01-30 13:30,64.0,27.28,4,2026-01-30 13:36,6.6,2.67,6,2026-01-30 13:36,6.6,2.67,6,2026-01-30 13:39,-31.0,-13.35,7,2026-01-30 13:39,-31.0,-13.35,7,2026-01-30 13:39,-31.0,-13.35,7,2026-01-30 13:39,-31.0,-13.35,7
2,BANKNIFTY26APRFUT,2026-02-01 09:51,SHORT,PE,60450.0,32.96,60400,2468.83,166.44,83.22,2026-02-01 09:57,-107.6,-45.18,2,2026-02-01 09:57,-107.6,-45.18,2,2026-02-01 09:57,-107.6,-45.18,2,2026-02-01 09:57,-107.6,-45.18,2,2026-02-01 09:57,-107.6,-45.18,2,2026-02-01 09:57,-107.6,-45.18,2,2026-02-01 09:57,-107.6,-45.18,2,2026-02-01 09:57,-107.6,-45.18,2,2026-02-01 09:57,-107.6,-45.18,2
3,BANKNIFTY26APRFUT,2026-02-01 11:57,SHORT,PE,60347.0,19.41,60300,2464.97,134.8,67.4,2026-02-01 12:09,-245.6,-102.27,4,2026-02-01 12:03,-53.0,-22.37,2,2026-02-01 12:09,-245.6,-102.27,4,2026-02-01 12:09,-245.6,-102.27,4,2026-02-01 12:09,-245.6,-102.27,4,2026-02-01 12:09,-245.6,-102.27,4,2026-02-01 12:09,-245.6,-102.27,4,2026-02-01 12:09,-245.6,-102.27,4,2026-02-01 12:09,-245.6,-102.27,4
4,BANKNIFTY26APRFUT,2026-02-01 12:18,SHORT,PE,60237.8,30.37,60200,2464.57,191.64,95.82,2026-02-01 12:39,407.8,176.75,7,2026-02-01 12:39,407.8,176.75,7,2026-02-01 12:21,204.8,87.72,1,2026-02-01 12:39,407.8,176.75,7,2026-02-01 12:39,407.8,176.75,7,2026-02-01 12:39,407.8,176.75,7,2026-02-01 12:39,407.8,176.75,7,2026-02-01 12:39,407.8,176.75,7,2026-02-01 12:39,407.8,176.75,7
5,BANKNIFTY26APRFUT,2026-02-01 14:51,SHORT,PE,59688.4,32.79,59700,2463.72,201.29,100.65,2026-02-01 15:27,350.2,152.08,12,2026-02-01 15:27,350.2,152.08,12,2026-02-01 15:00,79.0,33.72,3,2026-02-01 15:27,350.2,152.08,12,2026-02-01 15:27,350.2,152.08,12,2026-02-01 15:27,350.2,152.08,12,2026-02-01 15:27,350.2,152.08,12,2026-02-01 15:27,350.2,152.08,12,2026-02-01 15:27,350.2,152.08,12
6,BANKNIFTY26APRFUT,2026-02-03 09:18,LONG,CE,60813.0,92.51,60800,3417.76,89.67,44.83,2026-02-03 10:15,-98.0,-56.97,19,2026-02-03 09:36,81.8,46.92,6,2026-02-03 09:24,146.0,84.41,2,2026-02-03 09:48,-88.0,-50.85,10,2026-02-03 09:48,-88.0,-50.85,10,2026-02-03 09:48,-88.0,-50.85,10,2026-02-03 10:15,-98.0,-56.97,19,2026-02-03 10:15,-98.0,-56.97,19,2026-02-03 09:48,-88.0,-50.85,10
7,BANKNIFTY26APRFUT,2026-02-03 10:39,LONG,CE,60965.0,73.86,61000,3400.18,130.75,65.37,2026-02-03 11:51,26.2,13.89,24,2026-02-03 10:45,-10.0,-5.81,2,2026-02-03 10:45,-10.0,-5.81,2,2026-02-03 11:48,35.0,18.99,23,2026-02-03 11:48,35.0,18.99,23,2026-02-03 11:12,-15.0,-9.09,11,2026-02-03 11:48,35.0,18.99,23,2026-02-03 11:51,26.2,13.89,24,2026-02-03 11:12,-15.0,-9.09,11
8,BANKNIFTY26APRFUT,2026-02-06 10:12,SHORT,PE,60766.0,30.5,60800,2461.91,96.07,48.04,2026-02-06 10:21,-61.0,-26.14,3,2026-02-06 10:18,-37.8,-16.22,2,2026-02-06 10:18,-37.8,-16.22,2,2026-02-06 10:18,-37.8,-16.22,2,2026-02-06 10:18,-37.8,-16.22,2,2026-02-06 10:21,-61.0,-26.14,3,2026-02-06 10:21,-61.0,-26.14,3,2026-02-06 10:21,-61.0,-26.14,3,2026-02-06 10:21,-61.0,-26.14,3
9,BANKNIFTY26APRFUT,2026-02-06 10:30,SHORT,PE,60725.0,32.4,60700,2432.53,121.48,60.74,2026-02-06 11:09,45.0,18.89,13,2026-02-06 10:51,83.6,35.61,7,2026-02-06 11:09,45.0,18.89,13,2026-02-06 11:06,48.0,20.2,12,2026-02-06 11:03,73.0,30.95,11,2026-02-06 10:51,83.6,35.61,7,2026-02-06 11:06,48.0,20.2,12,2026-02-06 11:09,45.0,18.89,13,2026-02-06 10:51,83.6,35.61,7
10,BANKNIFTY26APRFUT,2026-02-06 12:33,SHORT,PE,60675.0,34.37,60700,2452.85,79.23,39.62,2026-02-06 12:48,-75.0,-32.11,5,2026-02-06 12:39,-15.0,-6.47,2,2026-02-06 12:48,-75.0,-32.11,5,2026-02-06 12:48,-75.0,-32.11,5,2026-02-06 12:39,-15.0,-6.47,2,2026-02-06 12:48,-75.0,-32.11,5,2026-02-06 12:48,-75.0,-32.11,5,2026-02-06 12:48,-75.0,-32.11,5,2026-02-06 12:48,-75.0,-32.11,5
11,BANKNIFTY26APRFUT,2026-02-09 09:18,LONG,CE,61340.0,87.98,61300,3323.86,257.1,128.55,2026-02-09 10:30,36.0,19.53,24,2026-02-09 09:36,80.0,45.79,6,2026-02-09 10:15,71.2,40.07,19,2026-02-09 10:24,68.2,38.19,22,2026-02-09 10:15,71.2,40.07,19,2026-02-09 09:39,80.0,45.74,7,2026-02-09 10:30,36.0,19.53,24,2026-02-09 10:30,36.0,19.53,24,2026-02-09 09:39,80.0,45.74,7
12,BANKNIFTY26APRFUT,2026-02-11 11:33,LONG,CE,61500.0,75.49,61500,3262.68,34.5,17.25,2026-02-11 11:51,-16.4,-9.65,6,2026-02-11 11:51,-16.4,-9.65,6,2026-02-11 11:36,20.0,11.38,1,2026-02-11 11:39,20.0,11.33,2,2026-02-11 11:39,20.0,11.33,2,2026-02-11 11:51,-16.4,-9.65,6,2026-02-11 11:51,-16.4,-9.65,6,2026-02-11 11:51,-16.4,-9.65,6,2026-02-11 11:51,-16.4,-9.65,6
13,BANKNIFTY26APRFUT,2026-02-13 09:18,SHORT,PE,61317.2,22.61,55500,560.43,72.97,36.49,2026-02-13 10:36,51.8,7.19,26,2026-02-13 09:45,37.2,5.33,9,2026-02-13 09:21,-23.8,-3.51,1,2026-02-13 09:48,17.2,2.35,10,2026-02-13 09:45,37.2,5.33,9,2026-02-13 10:09,42.2,5.93,17,2026-02-13 10:24,70.6,10.07,22,2026-02-13 10:36,51.8,7.19,26,2026-02-13 10:09,42.2,5.93,17
14,BANKNIFTY26APRFUT,2026-02-13 10:51,SHORT,PE,61171.2,32.65,55400,564.1,81.2,40.6,2026-02-13 11:33,40.8,5.82,14,2026-02-13 11:03,-10.8,-1.67,4,2026-02-13 11:09,51.2,7.53,6,2026-02-13 11:33,40.8,5.82,14,2026-02-13 11:27,71.2,10.42,12,2026-02-13 11:33,40.8,5.82,14,2026-02-13 11:33,40.8,5.82,14,2026-02-13 11:33,40.8,5.82,14,2026-02-13 11:33,40.8,5.82,14
15,BANKNIFTY26APRFUT,2026-02-13 15:24,SHORT,PE,60978.0,17.85,55200,556.3,96.67,48.33,2026-02-13 15:27,24.4,3.58,1,2026-02-13 15:27,24.4,3.58,1,2026-02-13 15:27,24.4,3.58,1,2026-02-13 15:27,24.4,3.58,1,2026-02-13 15:27,24.4,3.58,1,2026-02-13 15:27,24.4,3.58,1,2026-02-13 15:27,24.4,3.58,1,2026-02-13 15:27,24.4,3.58,1,2026-02-13 15:27,24.4,3.58,1
16,BANKNIFTY26APRFUT,2026-02-13 15:30,SHORT,PE,60954.4,16.21,55200,559.75,54.95,27.47,2026-02-16 09:21,-8.6,-25.69,2,2026-02-16 09:21,-8.6,-25.69,2,2026-02-16 09:18,62.2,-15.34,1,2026-02-16 09:21,-8.6,-25.69,2,2026-02-16 09:21,-8.6,-25.69,2,2026-02-16 09:21,-8.6,-25.69,2,2026-02-16 09:21,-8.6,-25.69,2,2026-02-16 09:21,-8.6,-25.69,2,2026-02-16 09:21,-8.6,-25.69,2
17,BANKNIFTY26APRFUT,2026-02-16 12:21,LONG,CE,61251.0,70.12,61300,3104.66,48.08,24.04,2026-02-16 13:06,136.4,76.93,15,2026-02-16 12:42,164.0,93.18,7,2026-02-16 12:27,95.0,53.89,2,2026-02-16 12:48,152.0,86.18,9,2026-02-16 12:24,-11.0,-6.27,1,2026-02-16 12:45,176.0,100.03,8,2026-02-16 13:06,136.4,76.93,15,2026-02-16 13:06,136.4,76.93,15,2026-02-16 12:45,176.0,100.03,8
18,BANKNIFTY26APRFUT,2026-02-16 13:39,LONG,CE,61469.4,70.31,61500,3123.99,51.37,25.68,2026-02-16 13:57,-36.4,-20.89,6,2026-02-16 13:48,-5.4,-3.21,3,2026-02-16 13:45,30.6,17.26,2,2026-02-16 13:57,-36.4,-20.89,6,2026-02-16 13:48,-5.4,-3.21,3,2026-02-16 13:57,-36.4,-20.89,6,2026-02-16 13:57,-36.4,-20.89,6,2026-02-16 13:57,-36.4,-20.89,6,2026-02-16 13:57,-36.4,-20.89,6
19,BANKNIFTY26APRFUT,2026-02-16 15:12,LONG,CE,61630.2,70.2,61600,3162.09,67.25,33.63,2026-02-16 15:27,6.8,3.63,5,2026-02-16 15:18,-20.6,-11.83,2,2026-02-16 15:27,6.8,3.63,5,2026-02-16 15:27,6.8,3.63,5,2026-02-16 15:27,6.8,3.63,5,2026-02-16 15:27,6.8,3.63,5,2026-02-16 15:27,6.8,3.63,5,2026-02-16 15:27,6.8,3.63,5,2026-02-16 15:27,6.8,3.63,5
20,BANKNIFTY26APRFUT,2026-02-18 14:21,LONG,CE,62064.0,76.24,62100,3101.82,92.53,46.27,2026-02-18 15:27,86.0,47.7,22,2026-02-18 15:09,66.0,36.62,16,2026-02-18 14:24,46.0,26.02,1,2026-02-18 14:36,17.0,9.36,5,2026-02-18 14:36,17.0,9.36,5,2026-02-18 15:09,66.0,36.62,16,2026-02-18 15:27,86.0,47.7,22,2026-02-18 15:27,86.0,47.7,22,2026-02-18 15:09,66.0,36.62,16
21,BANKNIFTY26APRFUT,2026-02-19 12:12,SHORT,PE,61823.0,29.71,56300,568.32,66.4,33.2,2026-02-19 12:21,33.0,5.02,3,2026-02-19 12:21,33.0,5.02,3,2026-02-19 12:15,74.0,11.41,1,2026-02-19 12:21,33.0,5.02,3,2026-02-19 12:21,33.0,5.02,3,2026-02-19 12:21,33.0,5.02,3,2026-02-19 12:21,33.0,5.02,3,2026-02-19 12:21,33.0,5.02,3,2026-02-19 12:21,33.0,5.02,3
22,BANKNIFTY26APRFUT,2026-02-19 12:42,SHORT,PE,61676.4,29.52,56100,555.0,116.98,58.49,2026-02-19 12:54,-95.8,-14.35,4,2026-02-19 12:51,-38.6,-5.85,3,2026-02-19 12:51,-38.6,-5.85,3,2026-02-19 12:54,-95.8,-14.35,4,2026-02-19 12:54,-95.8,-14.35,4,2026-02-19 12:54,-95.8,-14.35,4,2026-02-19 12:54,-95.8,-14.35,4,2026-02-19 12:54,-95.8,-14.35,4,2026-02-19 12:54,-95.8,-14.35,4
23,BANKNIFTY26APRFUT,2026-02-19 14:03,SHORT,PE,61666.2,33.69,56100,556.01,83.46,41.73,2026-02-19 14:21,-88.8,-13.39,6,2026-02-19 14:12,-43.2,-6.55,3,2026-02-19 14:12,-43.2,-6.55,3,2026-02-19 14:12,-43.2,-6.55,3,2026-02-19 14:12,-43.2,-6.55,3,2026-02-19 14:21,-88.8,-13.39,6,2026-02-19 14:12,-43.2,-6.55,3,2026-02-19 14:21,-88.8,-13.39,6,2026-02-19 14:12,-43.2,-6.55,3
24,BANKNIFTY26APRFUT,2026-02-19 14:45,SHORT,PE,61580.0,29.43,56100,568.87,110.93,55.47,2026-02-19 15:27,252.2,39.67,14,2026-02-19 14:54,-0.8,-0.18,3,2026-02-19 14:48,34.8,5.36,1,2026-02-19 15:27,252.2,39.67,14,2026-02-19 15:27,252.2,39.67,14,2026-02-19 15:27,252.2,39.67,14,2026-02-19 15:27,252.2,39.67,14,2026-02-19 15:27,252.2,39.67,14,2026-02-19 15:27,252.2,39.67,14
25,BANKNIFTY26APRFUT,2026-02-20 12:21,LONG,CE,62005.0,72.06,62000,3072.55,57.48,28.74,2026-02-20 12:45,-25.2,-14.68,8,2026-02-20 12:42,13.4,7.24,7,2026-02-20 12:24,45.0,25.51,1,2026-02-20 12:42,13.4,7.24,7,2026-02-20 12:42,13.4,7.24,7,2026-02-20 12:36,41.0,23.03,5,2026-02-20 12:45,-25.2,-14.68,8,2026-02-20 12:45,-25.2,-14.68,8,2026-02-20 12:36,41.0,23.03,5
26,BANKNIFTY26APRFUT,2026-02-24 12:48,SHORT,PE,61645.0,19.41,56400,564.17,108.91,54.46,2026-02-24 13:09,-60.4,-9.59,7,2026-02-24 12:54,-17.0,-2.71,2,2026-02-24 13:06,-48.2,-7.68,6,2026-02-24 13:06,-48.2,-7.68,6,2026-02-24 13:06,-48.2,-7.68,6,2026-02-24 13:09,-60.4,-9.59,7,2026-02-24 13:09,-60.4,-9.59,7,2026-02-24 13:09,-60.4,-9.59,7,2026-02-24 13:09,-60.4,-9.59,7
27,BANKNIFTY26APRFUT,2026-02-24 13:33,SHORT,PE,61571.2,26.16,56300,557.28,117.6,58.8,2026-02-24 13:54,-83.0,-12.98,7,2026-02-24 13:39,-31.8,-4.99,2,2026-02-24 13:54,-83.0,-12.98,7,2026-02-24 13:45,-77.8,-12.12,4,2026-02-24 13:45,-77.8,-12.12,4,2026-02-24 13:48,-60.8,-9.53,5,2026-02-24 13:45,-77.8,-12.12,4,2026-02-24 13:54,-83.0,-12.98,7,2026-02-24 13:45,-77.8,-12.12,4
28,BANKNIFTY26APRFUT,2026-02-27 09:30,SHORT,PE,61576.2,29.37,56500,563.7,114.17,57.08,2026-02-27 10:33,110.2,17.45,21,2026-02-27 10:09,151.2,24.42,13,2026-02-27 09:54,141.4,22.9,8,2026-02-27 10:27,146.8,23.55,19,2026-02-27 10:24,151.2,24.31,18,2026-02-27 10:09,151.2,24.42,13,2026-02-27 10:30,136.2,21.77,20,2026-02-27 10:33,110.2,17.45,21,2026-02-27 10:09,151.2,24.42,13
29,BANKNIFTY26APRFUT,2026-02-27 15:03,SHORT,PE,61361.0,34.84,56300,558.82,104.07,52.03,2026-02-27 15:27,161.0,26.1,8,2026-02-27 15:27,161.0,26.1,8,2026-02-27 15:06,100.0,16.18,1,2026-02-27 15:27,161.0,26.1,8,2026-02-27 15:27,161.0,26.1,8,2026-02-27 15:18,110.0,17.73,5,2026-02-27 15:27,161.0,26.1,8,2026-02-27 15:27,161.0,26.1,8,2026-02-27 15:18,110.0,17.73,5
30,BANKNIFTY26APRFUT,2026-03-02 09:18,SHORT,PE,60750.0,12.03,55900,553.69,135.93,67.97,2026-03-02 09:33,-137.4,-22.17,5,2026-03-02 09:30,-134.4,-21.67,4,2026-03-02 09:33,-137.4,-22.17,5,2026-03-02 09:30,-134.4,-21.67,4,2026-03-02 09:30,-134.4,-21.67,4,2026-03-02 09:33,-137.4,-22.17,5,2026-03-02 09:33,-137.4,-22.17,5,2026-03-02 09:33,-137.4,-22.17,5,2026-03-02 09:33,-137.4,-22.17,5
31,BANKNIFTY26APRFUT,2026-03-02 12:18,SHORT,PE,60456.2,32.25,55700,562.94,85.33,42.66,2026-03-02 12:27,-71.0,-11.77,3,2026-03-02 12:27,-71.0,-11.77,3,2026-03-02 12:27,-71.0,-11.77,3,2026-03-02 12:27,-71.0,-11.77,3,2026-03-02 12:27,-71.0,-11.77,3,2026-03-02 12:27,-71.0,-11.77,3,2026-03-02 12:27,-71.0,-11.77,3,2026-03-02 12:27,-71.0,-11.77,3,2026-03-02 12:27,-71.0,-11.77,3
32,BANKNIFTY26APRFUT,2026-03-02 13:33,SHORT,PE,60304.0,23.99,55600,568.66,83.92,41.96,2026-03-02 14:06,-83.4,-14.11,11,2026-03-02 14:06,-83.4,-14.11,11,2026-03-02 13:54,87.0,14.61,7,2026-03-02 14:06,-83.4,-14.11,11,2026-03-02 14:06,-83.4,-14.11,11,2026-03-02 14:06,-83.4,-14.11,11,2026-03-02 14:06,-83.4,-14.11,11,2026-03-02 14:06,-83.4,-14.11,11,2026-03-02 14:06,-83.4,-14.11,11
33,BANKNIFTY26APRFUT,2026-03-04 09:18,SHORT,PE,59580.4,15.74,55000,554.78,489.01,244.5,2026-03-04 11:03,220.4,37.34,35,2026-03-04 09:39,67.6,11.32,7,2026-03-04 09:21,-74.2,-12.4,1,2026-03-04 11:03,220.4,37.34,35,2026-03-04 10:15,137.2,23.07,19,2026-03-04 09:45,100.4,16.92,9,2026-03-04 11:03,220.4,37.34,35,2026-03-04 11:03,220.4,37.34,35,2026-03-04 09:45,100.4,16.92,9
34,BANKNIFTY26APRFUT,2026-03-05 15:00,LONG,CE,59976.0,76.59,60000,2628.28,241.95,120.98,2026-03-05 15:12,-276.0,-151.74,4,2026-03-05 15:03,-152.4,-84.36,1,2026-03-05 15:12,-276.0,-151.74,4,2026-03-05 15:12,-276.0,-151.74,4,2026-03-05 15:12,-276.0,-151.74,4,2026-03-05 15:12,-276.0,-151.74,4,2026-03-05 15:12,-276.0,-151.74,4,2026-03-05 15:12,-276.0,-151.74,4,2026-03-05 15:12,-276.0,-151.74,4
35,BANKNIFTY26APRFUT,2026-03-06 12:30,SHORT,PE,58925.0,32.9,54600,564.95,148.62,74.31,2026-03-06 15:27,513.6,94.55,59,2026-03-06 12:45,-85.0,-14.84,5,2026-03-06 13:24,-95.0,-16.86,18,2026-03-06 12:51,-91.2,-15.95,7,2026-03-06 12:45,-85.0,-14.84,5,2026-03-06 12:48,-55.0,-9.7,6,2026-03-06 12:45,-85.0,-14.84,5,2026-03-06 15:27,513.6,94.55,59,2026-03-06 12:45,-85.0,-14.84,5
36,BANKNIFTY26APRFUT,2026-03-09 09:18,SHORT,PE,56270.2,5.14,52400,560.19,1014.08,507.04,2026-03-09 10:54,-79.8,-15.32,32,2026-03-09 09:33,77.0,14.22,5,2026-03-09 10:33,335.2,64.03,25,2026-03-09 10:54,-79.8,-15.32,32,2026-03-09 10:54,-79.8,-15.32,32,2026-03-09 09:54,190.2,35.68,12,2026-03-09 10:54,-79.8,-15.32,32,2026-03-09 10:54,-79.8,-15.32,32,2026-03-09 09:54,190.2,35.68,12
37,BANKNIFTY26APRFUT,2026-03-10 10:18,LONG,CE,57493.8,75.21,63100,567.52,297.77,148.88,2026-03-10 11:51,-44.0,-9.72,31,2026-03-10 10:24,-159.4,-30.95,2,2026-03-10 10:54,-57.6,-11.72,12,2026-03-10 10:57,-93.8,-18.77,13,2026-03-10 10:57,-93.8,-18.77,13,2026-03-10 11:00,-82.8,-16.68,14,2026-03-10 10:57,-93.8,-18.77,13,2026-03-10 11:51,-44.0,-9.72,31,2026-03-10 10:57,-93.8,-18.77,13
38,BANKNIFTY26APRFUT,2026-03-11 10:36,SHORT,PE,57100.0,31.24,53200,549.67,168.49,84.25,2026-03-11 12:33,276.2,51.34,39,2026-03-11 10:57,50.6,9.12,7,2026-03-11 11:15,127.8,23.41,13,2026-03-11 12:12,321.2,60.42,32,2026-03-11 11:00,15.6,2.65,8,2026-03-11 10:54,70.0,12.75,6,2026-03-11 12:06,348.8,65.99,30,2026-03-11 12:33,276.2,51.34,39,2026-03-11 10:54,70.0,12.75,6
39,BANKNIFTY26APRFUT,2026-03-11 13:15,SHORT,PE,56576.2,34.76,52800,561.68,136.91,68.45,2026-03-11 13:30,-83.8,-15.63,5,2026-03-11 13:24,-23.8,-4.51,3,2026-03-11 13:21,16.2,2.99,2,2026-03-11 13:27,-62.6,-11.71,4,2026-03-11 13:27,-62.6,-11.71,4,2026-03-11 13:30,-83.8,-15.63,5,2026-03-11 13:24,-23.8,-4.51,3,2026-03-11 13:30,-83.8,-15.63,5,2026-03-11 13:24,-23.8,-4.51,3
40,BANKNIFTY26APRFUT,2026-03-11 14:27,SHORT,PE,56454.0,34.03,52700,562.83,145.59,72.79,2026-03-11 14:30,-251.6,-45.68,1,2026-03-11 14:30,-251.6,-45.68,1,2026-03-11 14:30,-251.6,-45.68,1,2026-03-11 14:30,-251.6,-45.68,1,2026-03-11 14:30,-251.6,-45.68,1,2026-03-11 14:30,-251.6,-45.68,1,2026-03-11 14:30,-251.6,-45.68,1,2026-03-11 14:30,-251.6,-45.68,1,2026-03-11 14:30,-251.6,-45.68,1
41,BANKNIFTY26APRFUT,2026-03-11 15:09,SHORT,PE,56303.8,34.03,52600,569.55,192.72,96.36,2026-03-11 15:27,15.6,2.82,6,2026-03-11 15:27,15.6,2.82,6,2026-03-11 15:27,15.6,2.82,6,2026-03-11 15:27,15.6,2.82,6,2026-03-11 15:27,15.6,2.82,6,2026-03-11 15:27,15.6,2.82,6,2026-03-11 15:27,15.6,2.82,6,2026-03-11 15:27,15.6,2.82,6,2026-03-11 15:27,15.6,2.82,6
42,BANKNIFTY26APRFUT,2026-03-12 09:18,SHORT,PE,55401.0,13.14,51800,560.66,476.35,238.17,2026-03-12 09:57,-349.0,-63.88,13,2026-03-12 09:24,-125.0,-23.54,2,2026-03-12 09:57,-349.0,-63.88,13,2026-03-12 09:57,-349.0,-63.88,13,2026-03-12 09:57,-349.0,-63.88,13,2026-03-12 09:51,-224.6,-41.9,11,2026-03-12 09:57,-349.0,-63.88,13,2026-03-12 09:57,-349.0,-63.88,13,2026-03-12 09:51,-224.6,-41.9,11
43,BANKNIFTY26APRFUT,2026-03-12 14:51,SHORT,PE,55700.2,31.07,52100,565.24,220.64,110.32,2026-03-12 15:27,-93.2,-17.97,12,2026-03-12 15:00,-14.8,-2.91,3,2026-03-12 15:27,-93.2,-17.97,12,2026-03-12 15:27,-93.2,-17.97,12,2026-03-12 15:18,-89.8,-17.26,9,2026-03-12 15:09,-18.0,-3.6,6,2026-03-12 15:06,-61.6,-11.86,5,2026-03-12 15:27,-93.2,-17.97,12,2026-03-12 15:06,-61.6,-11.86,5
44,BANKNIFTY26APRFUT,2026-03-13 09:18,SHORT,PE,55240.0,21.91,51700,557.8,316.39,158.2,2026-03-13 10:54,440.0,89.28,32,2026-03-13 09:30,123.2,24.03,4,2026-03-13 09:21,139.0,27.27,1,2026-03-13 10:54,440.0,89.28,32,2026-03-13 10:54,440.0,89.28,32,2026-03-13 09:33,132.2,25.8,5,2026-03-13 10:54,440.0,89.28,32,2026-03-13 10:54,440.0,89.28,32,2026-03-13 09:33,132.2,25.8,5
45,BANKNIFTY26APRFUT,2026-03-13 12:24,SHORT,PE,54501.0,28.21,51100,568.86,200.55,100.27,2026-03-13 12:51,-16.6,-3.51,9,2026-03-13 12:48,54.0,10.56,8,2026-03-13 12:33,44.2,8.72,3,2026-03-13 12:51,-16.6,-3.51,9,2026-03-13 12:51,-16.6,-3.51,9,2026-03-13 12:48,54.0,10.56,8,2026-03-13 12:51,-16.6,-3.51,9,2026-03-13 12:51,-16.6,-3.51,9,2026-03-13 12:48,54.0,10.56,8
46,BANKNIFTY26APRFUT,2026-03-13 13:42,SHORT,PE,54295.8,34.99,50900,564.37,150.91,75.46,2026-03-13 14:09,-131.2,-25.62,9,2026-03-13 13:45,-51.4,-10.09,1,2026-03-13 14:09,-131.2,-25.62,9,2026-03-13 14:09,-131.2,-25.62,9,2026-03-13 14:09,-131.2,-25.62,9,2026-03-13 14:09,-131.2,-25.62,9,2026-03-13 13:45,-51.4,-10.09,1,2026-03-13 14:09,-131.2,-25.62,9,2026-03-13 13:45,-51.4,-10.09,1
47,BANKNIFTY26APRFUT,2026-03-17 15:00,LONG,CE,55443.6,74.13,60100,560.05,215.97,107.98,2026-03-17 15:27,-78.8,-16.95,9,2026-03-17 15:12,-153.4,-32.15,4,2026-03-17 15:03,-123.6,-25.94,1,2026-03-17 15:27,-78.8,-16.95,9,2026-03-17 15:27,-78.8,-16.95,9,2026-03-17 15:27,-78.8,-16.95,9,2026-03-17 15:12,-153.4,-32.15,4,2026-03-17 15:27,-78.8,-16.95,9,2026-03-17 15:12,-153.4,-32.15,4
48,BANKNIFTY26APRFUT,2026-03-18 11:39,LONG,CE,55741.0,74.17,60400,551.72,171.64,85.82,2026-03-18 12:27,-129.8,-27.53,16,2026-03-18 11:48,18.6,3.83,3,2026-03-18 12:27,-129.8,-27.53,16,2026-03-18 12:27,-129.8,-27.53,16,2026-03-18 12:27,-129.8,-27.53,16,2026-03-18 11:54,-15.4,-3.44,5,2026-03-18 12:24,-9.0,-2.46,15,2026-03-18 12:27,-129.8,-27.53,16,2026-03-18 11:54,-15.4,-3.44,5
49,BANKNIFTY26APRFUT,2026-03-18 13:45,LONG,CE,55900.0,72.45,60500,565.27,137.9,68.95,2026-03-18 14:39,-34.2,-8.01,18,2026-03-18 14:06,-70.0,-15.18,7,2026-03-18 13:48,-69.0,-14.74,1,2026-03-18 14:36,-12.4,-3.31,17,2026-03-18 14:36,-12.4,-3.31,17,2026-03-18 14:06,-70.0,-15.18,7,2026-03-18 14:06,-70.0,-15.18,7,2026-03-18 14:39,-34.2,-8.01,18,2026-03-18 14:06,-70.0,-15.18,7
50,BANKNIFTY26APRFUT,2026-03-19 09:18,SHORT,PE,54311.8,8.39,51200,554.07,475.7,237.85,2026-03-19 10:39,42.6,8.02,27,2026-03-19 09:24,-129.6,-26.09,2,2026-03-19 09:21,113.6,23.64,1,2026-03-19 10:33,101.8,20.46,25,2026-03-19 10:33,101.8,20.46,25,2026-03-19 10:09,192.0,39.98,17,2026-03-19 10:39,42.6,8.02,27,2026-03-19 10:39,42.6,8.02,27,2026-03-19 10:09,192.0,39.98,17
51,BANKNIFTY26APRFUT,2026-03-19 14:06,SHORT,PE,54179.4,29.16,51100,555.71,129.92,64.96,2026-03-19 15:21,20.8,3.59,25,2026-03-19 14:18,-54.6,-11.27,4,2026-03-19 14:18,-54.6,-11.27,4,2026-03-19 14:18,-54.6,-11.27,4,2026-03-19 14:18,-54.6,-11.27,4,2026-03-19 14:21,2.2,0.31,5,2026-03-19 14:18,-54.6,-11.27,4,2026-03-19 15:21,20.8,3.59,25,2026-03-19 14:18,-54.6,-11.27,4
52,BANKNIFTY26APRFUT,2026-03-20 09:21,LONG,CE,54760.0,73.33,59100,552.43,382.29,191.15,2026-03-20 10:09,-206.4,-44.29,16,2026-03-20 09:39,15.8,3.23,6,2026-03-20 10:09,-206.4,-44.29,16,2026-03-20 10:03,-172.6,-37.25,14,2026-03-20 10:03,-172.6,-37.25,14,2026-03-20 09:42,-16.0,-3.75,7,2026-03-20 09:54,-123.2,-26.82,11,2026-03-20 10:09,-206.4,-44.29,16,2026-03-20 09:42,-16.0,-3.75,7
53,BANKNIFTY26APRFUT,2026-03-23 09:18,SHORT,PE,52632.6,15.5,49900,548.67,829.6,414.8,2026-03-23 11:09,415.6,95.03,37,2026-03-23 09:24,-121.0,-25.78,2,2026-03-23 11:09,415.6,95.03,37,2026-03-23 11:09,415.6,95.03,37,2026-03-23 11:09,415.6,95.03,37,2026-03-23 10:09,283.6,63.76,17,2026-03-23 11:09,415.6,95.03,37,2026-03-23 11:09,415.6,95.03,37,2026-03-23 10:09,283.6,63.76,17
54,BANKNIFTY26APRFUT,2026-03-23 14:36,SHORT,PE,51982.0,31.03,49400,567.24,234.68,117.34,2026-03-23 14:51,-253.0,-54.81,5,2026-03-23 14:39,-122.6,-27.08,1,2026-03-23 14:39,-122.6,-27.08,1,2026-03-23 14:51,-253.0,-54.81,5,2026-03-23 14:45,-204.8,-44.68,3,2026-03-23 14:51,-253.0,-54.81,5,2026-03-23 14:39,-122.6,-27.08,1,2026-03-23 14:51,-253.0,-54.81,5,2026-03-23 14:39,-122.6,-27.08,1
55,BANKNIFTY26APRFUT,2026-03-24 12:42,LONG,CE,53010.4,70.98,56700,560.26,265.16,132.58,2026-03-24 13:06,-110.4,-25.87,8,2026-03-24 12:57,88.4,20.89,5,2026-03-24 13:06,-110.4,-25.87,8,2026-03-24 13:06,-110.4,-25.87,8,2026-03-24 13:06,-110.4,-25.87,8,2026-03-24 13:00,74.6,17.51,6,2026-03-24 13:06,-110.4,-25.87,8,2026-03-24 13:06,-110.4,-25.87,8,2026-03-24 13:00,74.6,17.51,6
56,BANKNIFTY26APRFUT,2026-03-25 09:18,LONG,CE,53780.0,84.75,57500,556.11,444.72,222.36,2026-03-25 11:27,435.8,106.8,43,2026-03-25 09:39,50.0,11.47,7,2026-03-25 09:45,233.8,56.19,9,2026-03-25 11:24,470.0,115.98,42,2026-03-25 11:24,470.0,115.98,42,2026-03-25 09:42,45.2,10.29,8,2026-03-25 11:27,435.8,106.8,43,2026-03-25 11:27,435.8,106.8,43,2026-03-25 09:42,45.2,10.29,8
57,BANKNIFTY26APRFUT,2026-03-27 09:18,SHORT,PE,53358.8,12.14,50800,547.59,396.47,198.24,2026-03-27 10:39,233.8,53.44,27,2026-03-27 09:45,198.8,45.65,9,2026-03-27 09:21,119.0,27.12,1,2026-03-27 10:33,254.2,58.44,25,2026-03-27 10:33,254.2,58.44,25,2026-03-27 10:06,256.0,59.18,16,2026-03-27 10:39,233.8,53.44,27,2026-03-27 10:39,233.8,53.44,27,2026-03-27 10:06,256.0,59.18,16
58,BANKNIFTY26APRFUT,2026-03-27 11:30,SHORT,PE,52806.0,22.49,50300,546.99,174.04,87.02,2026-03-27 12:27,-110.0,-24.97,19,2026-03-27 11:36,-50.2,-11.3,2,2026-03-27 12:03,-33.0,-7.76,11,2026-03-27 12:27,-110.0,-24.97,19,2026-03-27 11:54,-94.6,-21.27,8,2026-03-27 12:00,-83.0,-18.79,10,2026-03-27 11:54,-94.6,-21.27,8,2026-03-27 12:27,-110.0,-24.97,19,2026-03-27 11:54,-94.6,-21.27,8
59,BANKNIFTY26APRFUT,2026-03-27 14:36,SHORT,PE,52632.0,27.54,50200,559.62,122.94,61.47,2026-03-27 15:27,110.0,25.25,17,2026-03-27 15:12,42.8,9.54,12,2026-03-27 14:39,89.4,20.88,1,2026-03-27 15:27,110.0,25.25,17,2026-03-27 15:27,110.0,25.25,17,2026-03-27 14:54,42.0,9.55,6,2026-03-27 15:27,110.0,25.25,17,2026-03-27 15:27,110.0,25.25,17,2026-03-27 14:54,42.0,9.55,6
60,BANKNIFTY26APRFUT,2026-03-30 09:18,SHORT,PE,51349.0,7.08,49200,559.74,530.73,265.37,2026-03-30 09:36,-284.2,-65.92,6,2026-03-30 09:30,-91.0,-21.89,4,2026-03-30 09:21,37.6,9.17,1,2026-03-30 09:36,-284.2,-65.92,6,2026-03-30 09:36,-284.2,-65.92,6,2026-03-30 09:33,-201.0,-47.32,5,2026-03-30 09:36,-284.2,-65.92,6,2026-03-30 09:36,-284.2,-65.92,6,2026-03-30 09:33,-201.0,-47.32,5
61,BANKNIFTY26APRFUT,2026-03-30 13:27,SHORT,PE,50949.4,29.09,48800,548.04,146.36,73.18,2026-03-30 15:24,203.8,49.52,39,2026-03-30 13:36,-40.6,-9.81,3,2026-03-30 14:24,149.6,36.35,19,2026-03-30 15:24,203.8,49.52,39,2026-03-30 15:12,321.8,80.75,35,2026-03-30 13:42,-27.2,-6.68,5,2026-03-30 14:03,-0.6,-0.54,12,2026-03-30 15:24,203.8,49.52,39,2026-03-30 13:42,-27.2,-6.68,5
62,BANKNIFTY26APRFUT,2026-04-01 09:18,LONG,CE,51950.0,85.27,54800,555.58,542.53,271.27,2026-04-01 10:24,-350.0,-86.42,22,2026-04-01 09:24,-20.0,-5.26,2,2026-04-01 09:33,-100.0,-25.72,5,2026-04-01 10:21,-230.4,-58.37,21,2026-04-01 10:12,-225.0,-56.95,18,2026-04-01 09:39,-180.0,-45.58,7,2026-04-01 10:12,-225.0,-56.95,18,2026-04-01 10:24,-350.0,-86.42,22,2026-04-01 09:39,-180.0,-45.58,7
63,BANKNIFTY26APRFUT,2026-04-01 12:06,LONG,CE,51931.8,70.46,54800,548.25,195.52,97.76,2026-04-01 13:21,258.2,68.12,25,2026-04-01 12:36,61.8,15.58,10,2026-04-01 12:48,248.2,65.87,14,2026-04-01 13:21,258.2,68.12,25,2026-04-01 13:21,258.2,68.12,25,2026-04-01 12:24,63.4,16.19,6,2026-04-01 13:21,258.2,68.12,25,2026-04-01 13:21,258.2,68.12,25,2026-04-01 12:24,63.4,16.19,6
64,BANKNIFTY26APRFUT,2026-04-02 09:18,SHORT,PE,50430.0,10.32,48500,547.9,579.81,289.91,2026-04-02 12:00,-8.2,-4.02,54,2026-04-02 09:33,-4.0,-1.18,5,2026-04-02 09:33,-4.0,-1.18,5,2026-04-02 12:00,-8.2,-4.02,54,2026-04-02 11:03,70.0,16.59,35,2026-04-02 09:39,-165.0,-40.6,7,2026-04-02 10:57,114.8,28.32,33,2026-04-02 12:00,-8.2,-4.02,54,2026-04-02 09:39,-165.0,-40.6,7
65,BANKNIFTY26APRFUT,2026-04-06 14:21,LONG,CE,52725.0,70.6,55100,563.4,170.94,85.47,2026-04-06 15:27,195.0,54.94,22,2026-04-06 14:27,-80.0,-22.05,2,2026-04-06 14:27,-80.0,-22.05,2,2026-04-06 15:27,195.0,54.94,22,2026-04-06 15:27,195.0,54.94,22,2026-04-06 14:45,-25.0,-7.35,8,2026-04-06 14:57,-37.0,-10.87,12,2026-04-06 15:27,195.0,54.94,22,2026-04-06 14:45,-25.0,-7.35,8
66,BANKNIFTY26APRFUT,2026-04-08 09:18,LONG,CE,55121.4,93.68,57500,566.04,670.39,335.19,2026-04-08 11:54,420.6,122.45,52,2026-04-08 10:00,202.2,57.36,14,2026-04-08 09:24,1.6,0.33,2,2026-04-08 11:51,443.6,129.9,51,2026-04-08 11:51,443.6,129.9,51,2026-04-08 10:42,353.6,102.76,28,2026-04-08 11:51,443.6,129.9,51,2026-04-08 11:54,420.6,122.45,52,2026-04-08 10:42,353.6,102.76,28
67,BANKNIFTY26APRFUT,2026-04-08 14:33,LONG,CE,55798.0,70.4,58200,568.21,138.79,69.39,2026-04-08 15:27,163.8,45.61,18,2026-04-08 14:51,44.0,11.93,6,2026-04-08 14:51,44.0,11.93,6,2026-04-08 15:27,163.8,45.61,18,2026-04-08 15:27,163.8,45.61,18,2026-04-08 15:27,163.8,45.61,18,2026-04-08 15:09,84.2,22.96,12,2026-04-08 15:27,163.8,45.61,18,2026-04-08 15:27,163.8,45.61,18
68,BANKNIFTY26APRFUT,2026-04-09 14:24,SHORT,PE,54920.0,32.9,53200,552.88,200.67,100.34,2026-04-09 15:03,-175.0,-45.79,13,2026-04-09 14:39,-16.0,-4.49,5,2026-04-09 14:48,-60.0,-16.21,8,2026-04-09 14:45,-100.0,-26.51,7,2026-04-09 14:45,-100.0,-26.51,7,2026-04-09 14:39,-16.0,-4.49,5,2026-04-09 14:42,-40.0,-10.87,6,2026-04-09 15:03,-175.0,-45.79,13,2026-04-09 14:39,-16.0,-4.49,5
69,BANKNIFTY26APRFUT,2026-04-10 09:18,LONG,CE,55632.2,78.88,57900,547.16,424.16,212.08,2026-04-10 11:48,268.8,75.31,50,2026-04-10 09:27,56.6,15.74,3,2026-04-10 10:06,222.0,63.32,16,2026-04-10 11:30,279.8,79.07,44,2026-04-10 11:30,279.8,79.07,44,2026-04-10 09:39,144.8,40.95,7,2026-04-10 10:45,317.8,91.81,29,2026-04-10 11:48,268.8,75.31,50,2026-04-10 09:39,144.8,40.95,7
70,BANKNIFTY26APRFUT,2026-04-13 09:18,SHORT,PE,54724.4,13.22,53300,542.91,629.03,314.51,2026-04-13 10:27,-316.6,-85.75,23,2026-04-13 09:24,-65.6,-18.54,2,2026-04-13 10:21,-235.6,-65.08,21,2026-04-13 10:24,-267.2,-73.24,22,2026-04-13 10:24,-267.2,-73.24,22,2026-04-13 09:45,-125.6,-35.35,9,2026-04-13 10:21,-235.6,-65.08,21,2026-04-13 10:27,-316.6,-85.75,23,2026-04-13 09:45,-125.6,-35.35,9
71,BANKNIFTY26APRFUT,2026-04-15 09:18,LONG,CE,56850.0,88.61,58600,547.14,435.17,217.59,2026-04-15 09:39,-368.0,-104.19,7,2026-04-15 09:24,-68.2,-20.57,2,2026-04-15 09:39,-368.0,-104.19,7,2026-04-15 09:39,-368.0,-104.19,7,2026-04-15 09:39,-368.0,-104.19,7,2026-04-15 09:33,-205.2,-60.13,5,2026-04-15 09:39,-368.0,-104.19,7,2026-04-15 09:39,-368.0,-104.19,7,2026-04-15 09:33,-205.2,-60.13,5
72,BANKNIFTY26APRFUT,2026-04-17 14:45,LONG,CE,56699.0,73.51,58100,563.14,122.03,61.02,2026-04-17 15:21,-56.8,-19.44,12,2026-04-17 15:00,-34.6,-11.7,5,2026-04-17 14:54,24.4,7.8,3,2026-04-17 15:00,-34.6,-11.7,5,2026-04-17 15:00,-34.6,-11.7,5,2026-04-17 15:00,-34.6,-11.7,5,2026-04-17 15:03,-39.0,-13.21,6,2026-04-17 15:21,-56.8,-19.44,12,2026-04-17 15:00,-34.6,-11.7,5
73,BANKNIFTY26APRFUT,2026-04-21 09:21,LONG,CE,56998.0,97.71,57900,564.5,126.35,63.18,2026-04-21 11:36,188.0,67.59,45,2026-04-21 09:27,-36.0,-13.4,2,2026-04-21 09:27,-36.0,-13.4,2,2026-04-21 11:33,223.2,81.9,44,2026-04-21 11:33,223.2,81.9,44,2026-04-21 10:18,213.2,80.55,19,2026-04-21 11:12,257.0,96.5,37,2026-04-21 11:36,188.0,67.59,45,2026-04-21 10:18,213.2,80.55,19
74,BANKNIFTY26APRFUT,2026-04-23 09:18,SHORT,PE,56693.8,1.44,56200,542.1,73.31,36.66,2026-04-23 09:51,-131.2,-49.47,11,2026-04-23 09:30,-41.2,-15.94,4,2026-04-23 09:21,1.0,0.28,1,2026-04-23 09:51,-131.2,-49.47,11,2026-04-23 09:51,-131.2,-49.47,11,2026-04-23 09:33,-17.2,-7.03,5,2026-04-23 09:51,-131.2,-49.47,11,2026-04-23 09:51,-131.2,-49.47,11,2026-04-23 09:33,-17.2,-7.03,5
75,BANKNIFTY26APRFUT,2026-04-23 10:45,SHORT,PE,56615.0,28.11,56200,569.77,131.32,65.66,2026-04-23 13:21,150.0,56.21,52,2026-04-23 11:06,30.0,11.25,7,2026-04-23 10:48,57.0,22.79,1,2026-04-23 13:06,187.4,72.77,47,2026-04-23 11:54,25.0,7.6,23,2026-04-23 11:06,30.0,11.25,7,2026-04-23 11:33,20.2,6.4,16,2026-04-23 13:21,150.0,56.21,52,2026-04-23 11:06,30.0,11.25,7
76,BANKNIFTY26APRFUT,2026-04-24 09:39,SHORT,PE,56113.2,28.35,55800,557.18,162.13,81.06,2026-04-24 10:12,-6.4,-3.85,11,2026-04-24 10:03,73.2,29.87,8,2026-04-24 10:03,73.2,29.87,8,2026-04-24 10:06,43.0,16.93,9,2026-04-24 10:06,43.0,16.93,9,2026-04-24 10:06,43.0,16.93,9,2026-04-24 10:06,43.0,16.93,9,2026-04-24 10:12,-6.4,-3.85,11,2026-04-24 10:06,43.0,16.93,9
77,BANKNIFTY26APRFUT,2026-04-24 13:42,SHORT,PE,55880.0,34.0,55600,559.53,131.17,65.58,2026-04-24 14:18,-105.0,-44.1,12,2026-04-24 14:18,-105.0,-44.1,12,2026-04-24 14:18,-105.0,-44.1,12,2026-04-24 14:18,-105.0,-44.1,12,2026-04-24 14:18,-105.0,-44.1,12,2026-04-24 14:15,-44.0,-19.44,11,2026-04-24 13:57,-31.0,-13.43,5,2026-04-24 14:18,-105.0,-44.1,12,2026-04-24 13:57,-31.0,-13.43,5
78,BANKNIFTY26APRFUT,2026-04-28 09:18,SHORT,PE,55911.2,0.0,55900,421.86,185.8,92.9,2026-04-28 09:27,-123.8,-57.7,3,2026-04-28 09:27,-123.8,-57.7,3,2026-04-28 09:21,-28.8,-13.97,1,2026-04-28 09:27,-123.8,-57.7,3,2026-04-28 09:27,-123.8,-57.7,3,2026-04-28 09:27,-123.8,-57.7,3,2026-04-28 09:27,-123.8,-57.7,3,2026-04-28 09:27,-123.8,-57.7,3,2026-04-28 09:27,-123.8,-57.7,3
79,BANKNIFTY26APRFUT,2026-04-28 11:09,SHORT,PE,55944.0,34.08,55900,399.01,122.37,61.19,2026-04-28 12:18,194.2,94.15,23,2026-04-28 11:15,-21.0,-10.22,2,2026-04-28 11:18,34.6,15.96,3,2026-04-28 12:18,194.2,94.15,23,2026-04-28 11:39,144.0,69.84,10,2026-04-28 11:42,144.4,69.85,11,2026-04-28 12:18,194.2,94.15,23,2026-04-28 12:18,194.2,94.15,23,2026-04-28 11:42,144.4,69.85,11
80,BANKNIFTY26APRFUT,2026-04-28 13:36,SHORT,PE,55550.0,31.67,55600,433.13,125.1,62.55,2026-04-28 13:57,-101.2,-50.8,7,2026-04-28 13:42,-19.0,-9.97,2,2026-04-28 13:54,-83.4,-42.19,6,2026-04-28 13:54,-83.4,-42.19,6,2026-04-28 13:54,-83.4,-42.19,6,2026-04-28 13:54,-83.4,-42.19,6,2026-04-28 13:45,-56.0,-28.41,3,2026-04-28 13:57,-101.2,-50.8,7,2026-04-28 13:45,-56.0,-28.41,3
81,BANKNIFTY26APRFUT,2026-04-28 15:12,SHORT,PE,55429.8,34.6,55400,385.96,136.09,68.04,2026-04-28 15:27,33.6,15.24,5,2026-04-28 15:27,33.6,15.24,5,2026-04-28 15:27,33.6,15.24,5,2026-04-28 15:27,33.6,15.24,5,2026-04-28 15:27,33.6,15.24,5,2026-04-28 15:27,33.6,15.24,5,2026-04-28 15:27,33.6,15.24,5,2026-04-28 15:27,33.6,15.24,5,2026-04-28 15:27,33.6,15.24,5
TOTAL,,,,,,,,,,,,969.4,216.59,,,-72.2,136.48,,,-194.6,-23.52,,,1119.4,354.9,,,803.6,234.13,,,343.6,140.94,,,982.0,265.61,,,969.4,216.59,,,455.2,174.61,
